song,artist,youtube_id,AI_Keywords
十年,陳奕迅,q5vxoGF9hPU,"黑白灰, The Line-Up, 2003, 2000年代, 2000s, 香港, 華語流行, Mandopop, 陳奕迅式情歌, Eason Chan Style, 流行抒情, Pop Ballad, 渾厚嗓音, Deep Vocals, 情感渲染, Emotional Delivery, 鋼琴主導, Piano, 弦樂編制, String Arrangement, 經典, Classic, 懷舊, Nostalgic, 療癒, Healing, 情感共鳴, Emotional, 深刻, Profound, 如果那兩個字沒有顫抖, 十年之前我不認識你"
我在你心裡,"陳隨意, 謝宜君",,"幸福滿滿, Full Of Happiness, 2013, 2010年代, 2010s, Taiwan, 華語流行, Mandopop, 台語流行, Taiwanese Pop, 對唱情歌, Duet Ballad, 傳統流行, Traditional Pop, 渾厚嗓音, Powerful Vocals, 情感詮釋, Expressive Vocals, 鋼琴伴奏, Piano, 弦樂編制, Strings, 浪漫氛圍, Romantic, 婚禮歌單, Wedding, 約會, Dating, 懷舊感, Nostalgic, 經典, Classic, 感謝你對阮的體貼, 我在你心裡存放一份真情"
怎麼了,周興哲,moAF8yJ9y60,"終於了解, What's Wrong, 2019, 2010年代, 2010s, 台灣, 華語流行, Mandopop, 周氏情歌, Eric Chou Style, 流行抒情, Pop Ballad, R&B, 靈魂樂, Soul, 鋼琴伴奏, Piano, 鼓組節奏, Drums, 合成器, Synthesizer, 撕裂嗓音, Raw Vocals, 情感爆發, Emotional, 療癒系, Healing, 浪漫, Romantic, 約會, Dating, 傷感, Melancholic, 經典, Classic, 我說了你現在過得好嗎, 你說呢"
漂向北方,"黃明志, 王力宏",4Zk3j49y7mg,"亞洲通車, Asianாலே, 2017, 2010年代, 2010s, 馬來西亞, 華語流行, Mandopop, 嘻哈, Hip Hop, 流行抒情, Pop Ballad, 說唱, Rap, 強力男聲, Powerful Vocals, 戲劇張力, Dramatic Tension, 鋼琴伴奏, Piano, 重節奏, Heavy Groove, 城市生活, Urban Life, 情感爆發, Emotional Outburst, 深刻, Deep, 史詩感, Epic, 經典, Classic, 漂向北方別問我家鄉, 漂向北方家人是否無恙"
體面,于文文,iISxA_7_g5Y,"前任3再見前任電影原聲帶, The Ex-File 3 The Return of the Exes Original Soundtrack, 2017, 2010年代, 2010s, 中國, 華語流行, Mandopop, 流行抒情, Pop Ballad, 戲劇主題曲, Soundtrack, 渾厚嗓音, Powerful Vocals, 鋼琴主導, Piano, 弦樂編制, Strings, 悲傷, Sadness, 療癒, Healing, 失戀, Heartbreak, 經典, Classic, 懷舊, Nostalgia, 咖啡廳, Cafe, 別灑脫像陌生人, 分手後我們很有默契"
你的酒館對我打了烊,陳雪凝,dR-UxehZtHs,"你的酒館對我打了烊, Your Tavern Closed For Me, 2019, 2010年代, 2010s, 中國, 華語流行, Mandopop, 流行抒情, Pop Ballad, 悲傷情歌, Sad Love Song, 流行女聲, Female Vocals, 獨特聲線, Unique Timbre, 鋼琴伴奏, Piano, 傷感氛圍, Melancholy, 療癒, Healing, 浪漫, Romantic, 失戀, Heartbreak, 咖啡廳, Cafe, 獨處, Solitude, 你的酒館對我打了烊, 你的酒館對我打了烊"
年少有為,李榮浩,ab_FXDxReA0,耳朵，耳朵，2018，2010年代，2010s，China，華語流行，Mandopop，李氏情歌，Li Ronghao Style，流行抒情，Pop Ballad，都會流行，Urban Pop，深情嗓音，Soulful Vocals，鋼琴編配，Piano，鼓組節奏，Drums，傷感氛圍，Melancholic，敘事感，Narrative，懷舊，Nostalgic，經典，Classic，婚禮，Wedding，咖啡廳，Cafe，療癒，Healing，懂事，假如我年少有為不自卑
以後別做朋友,周興哲,c9P_lSnPSP8,"學著愛, My Way To Love, 2014, 2010年代, 2010s, Taiwan, 華語流行, Mandopop, 周氏情歌, Eric Chou Style, 流行抒情, Pop Ballad, 鋼琴主導, Piano, 弦樂編制, Strings, 深情嗓音, Emotional Vocals, 敘事風格, Narrative, 催淚情歌, Tearjerker, 療癒系, Healing, 浪漫, Romantic, 經典, Classic, 流行情歌, Love Song, 傷感, Melancholic, 孤獨感, Loneliness, 情感共鳴, Emotive, 以後別做朋友, 我沒說多痛如果你沒聽見"
晴天,周杰倫,GDmClsB99_s,"葉惠美, Ye Hui Mei, 2003, 2000年代, 2000s, 台灣, Taiwan, 華語流行, Mandopop, 周氏情歌, Jay Chou Style, Pop Ballad, 流行抒情, Soft Rock, 搖滾抒情, Clean Vocals, 清澈嗓音, Piano, 鋼琴伴奏, Acoustic Guitar, 木吉他, Strings, 弦樂編制, Romantic, 浪漫, Nostalgic, 懷舊, Classic, 經典, Healing, 療癒, Dating, 約會, 故事的小黃花從出生那年就飄著, 從前從前有個人愛你很久"
那些你很冒險的夢,林俊傑,fNahjwxgiHc,"學不會, Lost N Found, 2011, 2010年代, 2010s, Taiwan, 華語流行, Mandopop, 林式情歌, JJ Lin Style, 流行抒情, Pop Ballad, 鋼琴主導, Piano, 弦樂編制, Strings, 流行節奏, Pop Groove, 情感敘事, Emotional Storytelling, 磁性嗓音, Magnetic Vocals, 情感爆發, Vocal Dynamics, 療癒, Healing, 抒情經典, Classic Ballad, 浪漫場景, Romantic, 深情, Sincere, 城市都會, Urban, 當你若有一天在某個夢裡出現, 當那些你很冒險的夢我陪你去瘋"
情歌,梁靜茹,Y53YydXAm2w,"靜茹＆情歌 別再為他流淚, Fish Leong & Songs of Love, 2009, 2000年代, 2000s, 台灣, Taiwan, 華語流行, Mandopop, 梁式情歌, Fish Leong Style, 流行抒情, Pop Ballad, 柔和嗓音, Mellow Vocals, 清澈嗓音, Clean Vocals, 鋼琴伴奏, Piano, 弦樂編制, Strings, 療癒, Healing, 浪漫, Romantic, 經典, Classic, 婚禮, Wedding, 約會, Dating, 懷舊, Nostalgic, 時光是琥珀淚一滴被定格, 妳寫給我我的第一首歌"
修煉愛情,林俊傑,-oaaajR-Zt0,"因你而在, Stories Untold, 2013, 2010年代, 2010s, Taiwan, 華語流行, Mandopop, 林氏情歌, JJ Lin Style, 流行抒情, Pop Ballad, 鋼琴伴奏, Piano, 弦樂編制, Strings, 流行節奏, Pop Beat, 情感爆發, Emotional Vocals, 敘事風格, Narrative Songwriting, 療癒, Healing, 浪漫, Romantic, 經典, Classic, 流行金曲, Hit Song, 音樂愛情故事, 紀念, Remembrance, 憑什麼要失望藏眼淚到心上, 修煉愛情的悲歡我們這些努力不簡單"
永不失聯的愛,周興哲,U2vJs5gxrLA,"你好，妳好, The Chaos After You, 2017, 2010年代, 2010s, 台灣, Taiwan, 華語流行, Mandopop, 周氏情歌, Eric Chou Style, 流行抒情, Pop Ballad, 鋼琴獨奏, Piano, 弦樂編制, Strings, 深情嗓音, Emotional Vocals, 敘事唱法, Narrative Vocals, 浪漫氛圍, Romantic, 療癒系, Healing, 婚禮歌單, Wedding, 約會, Dating, 經典, Classic, 情感共鳴, Emotional Resonance, 你好，妳好, 一個你和我和日落的午后"
演員,薛之謙,gREBcS09DFQ,"初學者, Beginner, 2015, 2010年代, 2010s, 中國大陸, Mainland China, 華語流行, Mandopop, 薛式情歌, Joker Xue Style, 流行抒情, Pop Ballad, 傷感抒情, Emotional Ballad, 磁性嗓音, Raspy Vocals, 戲劇性張力, Dramatic Tension, 鋼琴伴奏, Piano, 弦樂編制, Strings, 療癒, Healing, 情感共鳴, Emotional Resonance, 經典, Classic, 流行熱門, Trending Pop, 簡單點說話的方式簡單點, 該配合你演出的我演視而不見"
綠色,陳雪凝,3vMjN6bJG-w,"綠色, Green, 2019, 2010年代, 2010s, 中國大陸, Mainland China, 華語流行, Mandopop, 流行抒情, Pop Ballad, 創作歌手, Singer-songwriter, 柔和嗓音, Soft Vocals, 鋼琴, Piano, 流行編曲, Pop Arrangement, 憂傷, Melancholy, 情感表達, Emotional, 療癒, Healing, 浪漫, Romantic, 愛情, Love, 經典流行, Classic Pop, 若不是你突然闖入我懷裡, 說不出你愛我的故事"
有一種悲傷,A-Lin,XtxReTouWjc,"比悲傷更悲傷的故事電影原聲帶, More Than Blue Original Soundtrack, 2018, 2010年代, 2010s, Taiwan, 華語流行, Mandopop, A-Lin式情歌, A-Lin Style, 流行抒情, Pop Ballad, 情感爆發, Emotional Vocals, 強大共鳴, Power Vocals, 鋼琴伴奏, Piano, 弦樂編曲, Orchestral Strings, 療癒, Healing, 感傷, Melancholic, 電影主題曲, Movie Soundtrack, 經典, Classic, 我習慣獨自一個人, 有一種悲傷"
光年之外,鄧紫棋,4l64raUvS4E,"光年之外, Light Years Away, 2016, 2010年代, 2010s, 中國, 華語流行, Mandopop, 鄧氏情歌, G.E.M. Style, 流行抒情, Pop Ballad, 電影主題曲, Soundtrack, 強力抒情, Power Ballad, 穿透力嗓音, Powerful Vocals, 鋼琴伴奏, Piano, 宏大編曲, Orchestral, 浪漫, Romantic, 史詩感, Epic, 戲劇性, Dramatic, 經典, Classic, 感受停在我髮際你看著我眼睛, 我和我最後的倔強握緊雙手絕對不放"
泡沫,鄧紫棋,Mblqb4rgGc0,"Xposed, Xposed, 2012, 2010年代, 2010s, Hong Kong, 華語流行, Mandopop, 鄧氏情歌, G.E.M. Style, 流行抒情, Pop Ballad, 強力情歌, Power Ballad, 穿透力嗓音, Powerful Vocals, 戲劇性張力, Dramatic Tension, 鋼琴伴奏, Piano, 弦樂編制, Strings, 流行音樂, Pop, 情感爆發, Emotional Outburst, 療癒, Healing, 經典, Classic, 陽光下的泡沫是彩色的, 泡沫一觸就破"
魔鬼中的天使,田馥甄,7MeMHolkjHs,"田馥甄 My Love, Hebe Tien My Love, 2011, 2010年代, 2010s, Taiwan, 華語流行, Mandopop, 田式情歌, Hebe Tien Style, 流行抒情, Pop Ballad, 流行搖滾, Pop Rock, 清澈嗓音, Clean Vocals, 氣聲唱法, Airy Vocals, 鋼琴伴奏, Piano, 電吉他, Electric Guitar, 浪漫氛圍, Romantic, 悲傷, Sadness, 情感張力, Emotional Intensity, 療癒系, Healing, 經典, Classic, 把太細的神經割掉是不是會比較好過, 你是魔鬼中的天使所以送我心碎的方式"
說謊,林宥嘉,cyK5Utpriro,"感官世界, Senses, 2009, 2000年代, 2000s, Taiwan, 華語流行, Mandopop, 流行抒情, Pop Ballad, 鋼琴伴奏, Piano, 弦樂, Strings, 流行搖滾, Pop Rock, 男聲, Male Vocals, 敘事性唱腔, Narrative Vocals, 戲劇性, Dramatic, 情感張力, Emotional Intensity, 經典, Classic, 療癒, Healing, 懷舊, Nostalgic, 心碎, Heartbreak, 苦情, Anguish, 悲傷, Sadness, 是不是別在我離開之前剪掉燙平, 我沒有說謊我何必說謊"
勇氣,梁靜茹,_hgxWv-I0Pg,"勇氣, Courage, 2000, 2000年代, 2000s, Taiwan, 華語流行, Mandopop, 情歌天后, Fish Leong Style, 流行抒情, Pop Ballad, 溫暖嗓音, Warm Vocals, 情感堆疊, Emotional Delivery, 鋼琴伴奏, Piano, 弦樂編制, Strings, 療癒, Healing, 浪漫, Romantic, 經典, Classic, 婚禮歌單, Wedding, 約會, Dating, 咖啡廳, Cafe, 終於做了這個決定別人怎麼說我不理, 愛真的需要勇氣"
吻別,張學友,bmMwU7-NNXQ,"吻別, The Kiss Goodbye, 1993, 1990年代, 1990s, 台灣, 華語流行, Mandopop, 流行抒情, Pop Ballad, 張學友風格, Jacky Cheung Style, 強力抒情, Power Ballad, 渾厚嗓音, Deep Vocals, 情感渲染, Emotional Delivery, 鋼琴伴奏, Piano, 鼓組節奏, Drums, 經典, Classic, 懷舊, Nostalgia, 療癒, Healing, 悲傷, Sadness, 離別, Parting, 前塵往事成雲煙 消散在彼此眼前, 我和妳吻別 在無人的街"
征服,那英,AbINY2fGOuI,"征服, Conquering, 1998, 1990年代, 1990s, 中國, 華語流行, Mandopop, 那式情歌, Na Ying Style, 流行抒情, Pop Ballad, 戲劇性嗓音, Dramatic Vocals, 渾厚音色, Powerful Vocals, 鋼琴主導, Piano, 弦樂編制, Strings, 情感爆發, Emotional Intensity, 經典華語, Classic Mandopop, 懷舊金曲, Nostalgia, 傷感, Melancholic, 揪心, Heartbreaking, 深度情感, Emotional, 終於妳還是選擇了背叛, 就這樣被妳征服"
分手後不要做朋友,梁文音,2_HdhvDg1tc,"黃色夾克, Yellow Jacket, 2014, 2010年代, 2010s, Taiwan, 華語流行, Mandopop, 流行抒情, Pop Ballad, 戲劇主題曲, Soundtrack, 高亢嗓音, Powerful Vocals, 情感爆發, Emotional Intensity, 鋼琴, Piano, 弦樂, Strings, 療癒, Healing, 抒情歌單, Ballad Playlist, 華語經典, Chinese Classic, 成熟愛情, Mature Love, 心碎, Heartbreak, 還是朋友也只是朋友, 分手後不要做朋友"
洋蔥,楊宗緯,g2ZJKCWsvt4,"鴿子, Pigeon, 2008, 2000年代, 2000s, Taiwan, 華語流行, Mandopop, 流行抒情, Pop Ballad, 情感強烈, Emotive Vocals, 實力派唱腔, Power Vocals, 鋼琴伴奏, Piano, 弦樂編制, Strings, 療癒, Healing, 經典, Classic, 傷感, Melancholic, 催淚, Tearjerker, 深刻情感, Deep Emotion, 如果你眼神能夠為我片刻的眷顧, 如果你願意一層一層一層的剝開我的心"
淘汰,陳奕迅,ZH1W6Xoj-V0,"認了吧, What's Going On...?, 2007, 2000年代, 2000s, 香港, 華語流行, Mandopop, 周氏情歌, Jay Chou Style, 流行抒情, Pop Ballad, 鋼琴主導, Piano, 弦樂編制, Strings, 渾厚嗓音, Deep Vocals, 真假音轉換, Vocal Dynamics, 戲劇張力, Dramatic, 經典, Classic, 療癒, Healing, 失戀, Heartbreak, 情感宣洩, Emotional, 咖啡廳, Cafe, 我說了所有的謊, 那只能說我輸了"
阿飛的小蝴蝶,蕭敬騰,oOJeWJzGVUE,"王妃, Princess, 2009, 2000年代, 2000s, Taiwan, 華語流行, Mandopop, 搖滾流行, Pop Rock, 靈魂樂, Soul, 蕭敬騰唱腔, Jam Hsiao Style, 爆發力嗓音, Powerful Vocals, 變聲技巧, Vocal Dynamics, 電吉他, Electric Guitar, 強烈節奏, Driving Groove, 浪漫氛圍, Romantic, 約會, Dating, 經典, Classic, 流行金曲, Hit Song, 其實愛你這件事是我不對, 我是阿飛的小蝴蝶"
輸了你贏了世界又如何,林俊傑,I7_gO30VHsI,"夢想的聲音, Sound of My Dream, 2016, 2010年代, 2010s, 中國, 華語流行, Mandopop, 林氏情歌, JJ Lin Style, 流行抒情, Pop Ballad, 情感爆發, Powerful Vocals, 鋼琴伴奏, Piano, 弦樂編制, String Orchestra, 戲劇張力, Dramatic, 經典翻唱, Classic Cover, 療癒系, Healing, 深情, Emotional, 輸了你贏了世界又如何, 輸了你贏了世界又如何你輸了全部又是什麼"
如歌,張杰,A83xgFIC4b8,"如歌, Ru Ge, 2018, 2010年代, 2010s, 中國, 華語流行, Mandopop, 流行抒情, Pop Ballad, 張杰式唱腔, Jason Zhang Style, 磅礴管弦, Orchestral, 鋼琴伴奏, Piano, 鼓點節奏, Groove, 強力嗓音, Powerful Vocals, 高音爆發, Belting, 電視劇主題曲, Soundtrack, 歷史古風, Historical Drama, 浪漫, Romantic, 情感宣洩, Emotional, 經典, Classic, 這一世如歌, 紅蓮綻放微雨如煙"
鹿港小鎮,羅大佑,sD0NQDVreRY,"之乎者也, Zhi Hu Zhe Ye, 1982, 1980年代, 1980s, 台灣, Taiwan, 華語流行, Mandopop, 羅氏情歌, Lo Ta-yu Style, 搖滾, Rock, 民謠搖滾, Folk Rock, 批判寫實, Social Commentary, 滄桑嗓音, Raspy Vocals, 鋼琴伴奏, Piano, 電吉他, Electric Guitar, 鼓組, Drums, 社會意識, Social Awareness, 經典, Classic, 懷舊, Nostalgic, 深刻, Deep, 史詩感, Epic, 假如你先生來自鹿港小鎮, 台北不是我想像的黃金天堂"
雪落下的聲音,陸虎,78kZhygGUio,"延禧攻略電視劇原聲帶, Story of Yanxi Palace Original Soundtrack, 2018, 2010年代, 2010s, China, 華語流行, Mandopop, 流行抒情, Pop Ballad, 古風流行, Chinese Style Pop, 敘事嗓音, Narrative Vocals, 細膩演繹, Expressive Performance, 鋼琴, Piano, 弦樂編制, Strings, 療癒, Healing, 浪漫, Romantic, 經典影視金曲, Cinematic Classic, 影視原聲帶, Soundtrack, 感性氛圍, Emotive, 淒美, Melancholic, 輕輕落下相思入畫, 我慢長一生等一句叮嚀"
Love More,畢書盡,Ov8Vy9BJWbw,"I'M Bii, I'M Bii, 2016, 2010年代, 2010s, 台灣, Taiwan, 華語流行, Mandopop, Bii式情歌, Bii Style, 節奏藍調, R&B, 流行電子, Electropop, 動感節奏, Groove, 清澈嗓音, Clean Vocals, 氣聲唱法, Airy Vocals, 電子合成器, Synthesizer, 鼓組節奏, Drum Programming, 浪漫氛圍, Romantic, 婚禮歌單, Wedding, 約會, Dating, 城市情歌, Urban, 經典, Classic, 妳的愛讓我又更想妳了, Love More 什麼都不說"
每次都想呼喊你的名字,永邦,TvEuI_jqEU0,"永邦, Yong Bang, 2002, 2000年代, 2000s, Taiwan, 華語流行, Mandopop, 流行抒情, Pop Ballad, 靈魂樂, Soul, 抒情搖滾, Soft Rock, 渾厚嗓音, Powerful Vocals, 情感渲染, Emotional Delivery, 鋼琴, Piano, 電吉他, Electric Guitar, 鼓組, Drums, 弦樂, Strings, 經典, Classic, 浪漫, Romantic, 懷舊, Nostalgic, 傷感, Melancholy, 療癒, Healing, 每次都想呼喊你的名字, 每次都想呼喊你的名字"
像我這樣的人,毛不易,f4QV-XiUz7k,"平凡的一天, Ordinary Day, 2018, 2010年代, 2010s, 中國, 華語流行, Mandopop, 毛不易式抒情, Mao Buyi Style, 流行抒情, Pop Ballad, 敘事性唱腔, Narrative Vocals, 醇厚嗓音, Mellow Vocals, 鋼琴伴奏, Piano, 弦樂編制, Strings, 沉穩, Steady, 療癒, Healing, 感性, Emotional, 深沉, Profound, introspection, 內省, 經典, Classic, 像我這樣優秀的人, 像我這樣迷茫的人"
不愛我就拉倒,周杰倫,JDrHVCJUo54,"不愛我就拉倒 (單曲), If You Don't Love Me It's Fine (Single), 2018, 2010年代, 2010s, 台灣, Taiwan, 華語流行, Mandopop, 周氏情歌, Jay Chou Style, 流行抒情, Pop Ballad, 搖滾流行, Pop Rock, 清澈嗓音, Clean Vocals, 鋼琴伴奏, Piano, 電吉他, Electric Guitar, 爵士鼓, Drums, 情感宣洩, Emotional, 浪漫, Romantic, 失戀, Heartbreak, 約會, Dating, 經典, Classic, 寒流來的週末, 不愛我就拉倒"
追光者,岑寧兒,I8dndJzijxw,"夏至未至 電視劇原聲帶, Rush to the Dead Summer Original Soundtrack, 2017, 2010年代, 2010s, China, 華語流行, Mandopop, 流行抒情, Pop Ballad, 鋼琴主導, Piano, 氣息感, Airy Vocals, 敘事性唱腔, Narrative Vocals, 浪漫氛圍, Romantic, 療癒系, Healing, 婚禮歌單, Wedding, 約會, Dating, 經典, Classic, 如果說你是海上的煙火, 我可以跟在你身後"
月牙灣,F.I.R.飛兒樂團,QNWGzuwtU70,"愛‧歌姬, Love Diva, 2007, 2000年代, 2000s, 台灣, Taiwan, 華語流行, Mandopop, 飛兒樂團風格, F.I.R. Style, 世界音樂, World Music, 流行搖滾, Pop Rock, 民族風, Ethnic Pop, 電子合成器, Synthesizer, 鼓組節奏, Percussion, 異國情調, Exotic, 壯闊, Epic, 戲劇張力, Dramatic, 經典, Classic, 敦煌, Dunhuang, 穿越千年的眼淚只有夢裡才看得見, 月牙灣的海岸線我的愛未眠"
小幸運,田馥甄,cPFVBv7sfKo,"我的少女時代電影原聲帶, Our Times Original Motion Picture Soundtrack, 2015, 2010年代, 2010s, Taiwan, 華語流行, Mandopop, 流行抒情, Pop Ballad, 清澈嗓音, Clean Vocals, 氣聲唱法, Airy Vocals, 鋼琴伴奏, Piano, 弦樂編制, Orchestral Strings, 情感充沛, Emotive, 浪漫氛圍, Romantic, 婚禮歌單, Wedding, 約會, Dating, 咖啡廳, Cafe, 療癒, Healing, 經典, Classic, 我聽見雨滴落在青青草地, 原來我們和愛情曾經靠得那麼近"
童話,光良,HJS-XW1APxY,"童話, Fairy Tale, 2005, 2000年代, 2000s, 馬來西亞, 華語流行, Mandopop, 光良式情歌, Michael Wong Style, 流行抒情, Pop Ballad, 鋼琴獨奏, Piano Solo, 情感層次, Emotional Vocals, 真摯詮釋, Sincere Vocals, 敘事風格, Narrative Songwriting, 鋼琴, Piano, 弦樂編制, Strings, 流行經典, Pop Classic, 療癒, Healing, 浪漫, Romantic, 婚禮, Wedding, 約會, Dating, 咖啡廳, Cafe, 忘了有多久再沒聽到你, 我願變成童話裡你愛的那個天使"
愛你,陳芳語,s2BnIgEWw_k,"Kimberley首張同名專輯, Kimberley, 2012, 2010年代, 2010s, 台灣, Taiwan, 華語流行, Mandopop, R&B, 流行歌曲, Pop, 清澈嗓音, Clean Vocals, 轉音技巧, Vocal Runs, 鋼琴伴奏, Piano, 流行鼓組, Pop Drums, 浪漫, Romantic, 婚禮, Wedding, 約會, Dating, 咖啡廳, Cafe, 療癒, Healing, 經典, Classic, 表現得像個女生, 愛你是我唯一的秘密"
Lydia,F.I.R.飛兒樂團,Pm2-x3EiRNs,"飛兒樂團同名專輯, F.I.R., 2004, 2000年代, 2000s, Taiwan, 華語流行, Mandopop, 流行搖滾, Pop Rock, 抒情搖滾, Power Ballad, 戲劇張力, Dramatic, 爆發力嗓音, Powerful Vocals, 高音域, High Range, 鋼琴主導, Piano, 電吉他, Electric Guitar, 史詩感, Epic, 懷舊經典, Classic, 情感宣洩, Emotional, 傷感, Melancholic, 戲劇配樂, Soundtrack, 謎樣的雙眼總有無聲的憂傷, Lydia迷離的眼眶為何流浪心碎的樣子"
曖昧,楊丞琳,wUnktnnhMjw,"曖昧, Ambiguous, 2005, 2000年代, 2000s, 台灣, Taiwan, 華語流行, Mandopop, 楊式情歌, Rainie Yang Style, 流行抒情, Pop Ballad, 柔美嗓音, Soft Vocals, 鋼琴, Piano, 弦樂, Strings, 療癒, Healing, 浪漫, Romantic, 經典, Classic, 懷舊, Nostalgic, 曖昧讓人受盡委屈, 曖昧讓人變得貪心"
猜不透,丁噹,RUOvyPGqdcg,"夜貓, Night Cat, 2009, 2000年代, 2000s, 台灣, Taiwan, 華語流行, Mandopop, 丁噹情歌, Della Style, 流行抒情, Pop Ballad, 情感爆發, Powerful Vocals, 高亢嗓音, High-pitched Vocals, 鋼琴伴奏, Piano, 弦樂編制, Strings, 療癒, Healing, 浪漫, Romantic, 經典, Classic, 失戀情歌, Heartbreak, 苦情, Anguish, 猜不透是你瞳孔的顏色, 猜不透是你優柔的表情"
給我一個理由忘記,A-Lin,4IVAki2TuQE,"我們會失戀, Circles, 2011, 2010年代, 2010s, Taiwan, 華語流行, Mandopop, 流行抒情, Pop Ballad, 強力情歌, Power Ballad, 情感爆發, Emotional Vocals, 高音域, High Pitch, 鋼琴伴奏, Piano, 弦樂編曲, Strings, 療癒系, Healing, 情感宣洩, Catharsis, 經典, Classic, 悲傷, Sadness, 深刻, Intense, 流行音樂, Popular Music, 傷心的人別聽慢歌, 我怕我沒有機會說聲再見"
失落沙洲,徐佳瑩,chMhXXl3CJI,"首張創作專輯, LaLa First Album, 2009, 2000年代, 2000s, Taiwan, 華語流行, Mandopop, 徐佳瑩風格, Lala Hsu Style, 流行抒情, Pop Ballad, 清澈嗓音, Clean Vocals, 氣聲唱法, Airy Vocals, 鋼琴伴奏, Piano, 弦樂編制, Strings, 療癒系, Healing, 情感渲染, Emotional, 經典, Classic, 婚禮歌單, Wedding, 咖啡廳, Cafe, 又來到這個老地方, 我不是一定要你回來"
夜空中最亮的星,鄧紫棋,55KEjIOTQz0,"鄧紫棋 G.E.M. LIVE 地區的歌, G.E.M. LIVE, 2019, 2010年代, 2010s, 中國, 華語流行, Mandopop, 鄧紫棋式抒情, G.E.M. Style, 流行搖滾, Pop Rock, 流行抒情, Pop Ballad, 爆發力嗓音, Powerful Vocals, 實力派唱腔, Vocal Virtuoso, 電吉他, Electric Guitar, 鋼琴編曲, Piano, 鼓組, Drums, 情感共鳴, Emotional, 療癒, Healing, 演唱會, Live Performance, 經典, Classic, 夜空中最亮的星能否聽清, 夜空中最亮的星請指引我靠近"
大約在冬季,齊秦,1cfzqmoTetI,"冬雨, Winter Rain, 1987, 1980年代, 1980s, 台灣, Taiwan, 華語流行, Mandopop, 齊秦風格, Chyi Chin Style, 流行抒情, Pop Ballad, 滄桑嗓音, Husky Vocals, 情感演繹, Emotional Delivery, 原聲吉他, Acoustic Guitar, 流行搖滾, Pop Rock, 經典, Classic, 懷舊, Nostalgic, 雋永, Timeless, 療癒, Healing, 情感共鳴, Sentimental, 輕輕的我將離開你, 沒有我的日子裡你一定要保重自己"
剛剛好,薛之謙,VTW2nMKWzG4,"初學者者, Beginner, 2016, 2010年代, 2010s, China, 華語流行, Mandopop, 薛式情歌, Joker Xue Style, 流行抒情, Pop Ballad, 磁性嗓音, Raspy Vocals, 情感爆發, Emotional Vocals, 鋼琴伴奏, Piano, 弦樂編制, Strings, 流行編曲, Modern Pop, 浪漫, Romantic, 療癒, Healing, 婚禮歌單, Wedding, 經典, Classic, 如果有人在燈下, 其實我還好"
後來的我們,五月天,pe59uGrqMT0,"自傳, History of Tomorrow, 2016, 2010年代, 2010s, Taiwan, 華語流行, Mandopop, 五月天搖滾, Mayday Style, 流行搖滾, Pop Rock, 抒情搖滾, Power Ballad, 穿透力嗓音, Powerful Vocals, 情感爆發, Emotional Delivery, 鋼琴主導, Piano, 鼓組節奏, Drums, 電吉他, Electric Guitar, 療癒, Healing, 情感共鳴, Emotional, 經典, Classic, 流行經典, Iconic, 懷舊, Nostalgic, 悲傷敘事, Melancholic, 孤獨感, Solitude, 然後呢我們是不是學會了放棄, 只期待後來的你能快樂"
愛我別走,張震嶽,9DmMtJGqQQA,"秘密基地, Secret Base, 1998, 1990年代, 1990s, Taiwan, 華語流行, Mandopop, 張震嶽式搖滾, Chang Chen-yue Style, 流行搖滾, Pop Rock, 抒情搖滾, Soft Rock, 滄桑質感, Raw Vocals, 木吉他, Acoustic Guitar, 電吉他, Electric Guitar, 經典, Classic, 懷舊, Nostalgic, 情感表達, Emotional, 傷感, Melancholy, 愛我別走如果你說你不愛我, 愛我別走如果你說你不愛我"
心太軟,任賢齊,YAi1ZxkL4zU,"心太軟, Heart Too Soft, 1996, 1990年代, 1990s, 台灣, Taiwan, 華語流行, Mandopop, 流行抒情, Pop Ballad, 叙事性男聲, Narrative Vocals, 溫暖嗓音, Warm Vocals, 經典編曲, Classic Arrangement, 鼓擊律動, Groove, 療癒, Healing, 情感共鳴, Emotional, 經典, Classic, 懷舊, Nostalgic, 你總是心太軟心太軟, 把所有問題都自己扛"
過火,張信哲,rwE0kFcPZa8,"過火, The Fire, 1995, 1990年代, 1990s, Taiwan, 華語流行, Mandopop, 張信哲式情歌, Jeff Chang Style, 流行抒情, Pop Ballad, 情感堆疊, Emotional Intensity, 實力唱功, Powerful Vocals, 鋼琴主導, Piano, 弦樂編制, Strings, 悲傷, Sadness, 療癒, Healing, 經典, Classic, 懷舊, Nostalgic, 深刻情感, Deep Emotion, 是否對你承諾了太多, 怎麼忍心怪你犯了錯"
唯一,王力宏,kN-6crjPvnc,"唯一, The One, 2001, 2000年代, 2000s, Taiwan, 華語流行, Mandopop, 王式情歌, Wang Leehom Style, R&B, 流行抒情, Pop Ballad, 情感表達, Expressive Vocals, 假音技巧, Falsetto, 鋼琴伴奏, Piano, 弦樂編制, String Orchestra, 浪漫氛圍, Romantic, 忠誠, Devotion, 婚禮歌單, Wedding, 約會, Dating, 經典, Classic, 表現力, Emotional Intensity, 我的天空多麼的清晰, 我的唯一"
帶我走,楊丞琳,GRBM5U5MryY,"半熟宣言, Not Yet, 2008, 2000年代, 2000s, Taiwan, 華語流行, Mandopop, 流行抒情, Pop Ballad, 鋼琴主導, Piano, 弦樂編制, Strings, 流行天后, Mandopop Diva, 情感共鳴, Emotional, 戲劇主題曲, Drama OST, 浪漫, Romantic, 婚禮, Wedding, 約會, Dating, 療癒, Healing, 經典, Classic, 刻在心底的名字, 帶我走 我願意承受"
無名之輩,陳雪燃,VzNo6ccgo4c,"無名之輩, The Nameless, 2019, 2010年代, 2010s, 中國, 華語流行, Mandopop, 流行搖滾, Pop Rock, 影視原聲帶, OST, 激昂唱腔, Powerful Vocals, 敘事性, Narrative, 電吉他, Electric Guitar, 鼓組, Drums, 弦樂編制, Orchestral Strings, 勵志, Inspirational, 奮鬥, Struggle, 史詩感, Epic, 熱血, Passionate, 影視配樂, Cinematic, 頑強抵抗現實的無奈, 無名之輩我是誰誰又來為你慶功"
年輪,張碧晨,7vzTF7RPfhs,"花千骨電視原聲帶, The Journey of Flower Original Soundtrack, 2015, 2010年代, 2010s, 中國, 華語流行, Mandopop, 流行抒情, Pop Ballad, 影視原聲帶, Soundtrack, 渾厚嗓音, Powerful Vocals, 情感爆發, Emotional Intensity, 鋼琴伴奏, Piano, 弦樂編制, String Orchestra, 敘事風格, Narrative, 抒情, Lyrical, 療癒, Healing, 經典, Classic, 圓圈勾勒成指尖的年輪, 塵世緣分最怕風吹散"
你就不要想起我,田馥甄,rwFzXmACQCo,"渺小, Insignificance, 2013, 2010年代, 2010s, Taiwan, 華語流行, Mandopop, 田氏情歌, Hebe Tien Style, 流行抒情, Pop Ballad, 情感爆發, Powerful Vocals, 氣聲唱法, Airy Vocals, 鋼琴伴奏, Piano, 弦樂編制, Orchestral Strings, 悲傷, Sadness, 情感宣洩, Catharsis, 療癒系, Healing, 經典, Classic, 聽說你被判出局, 你就不要想起我"
他不懂,張杰,vTu1QiFI6FA,"明天過後, Tomorrow, 2008, 2000年代, 2000s, 中國, 華語流行, Mandopop, 張杰式情歌, Jason Zhang Style, 流行抒情, Pop Ballad, 情感爆發, Emotional Vocals, 強力唱腔, Power Vocals, 鋼琴伴奏, Piano, 弦樂編曲, Strings, 悲傷, Sadness, 療癒, Healing, 情感宣洩, Catharsis, 經典, Classic, 他留給你最溫柔的片刻, 他不懂你的心為何每天變換"
一千年以後,林俊傑,NcHnn25O4CM,"編號89757,编号89757,2005,2000年代,2000s,台灣,Taiwan,華語流行,Mandopop,林俊傑式情歌,JJ Lin Style,流行抒情,Pop Ballad,R&B,電子流行,Electropop,清澈嗓音,Clean Vocals,假聲技巧,Falsetto,電子合成器,Synthesizer,鋼琴編曲,Piano,浪漫氛圍,Romantic,深情,Sentimental,經典,Classic,婚禮歌單,Wedding,約會,Dating,咖啡廳,Cafe,療癒系,Healing,心跳亂了節奏,當十指都相扣"
失戀無罪,A-Lin,Xwi55fZwJ7c,"失戀無罪, Loving Innocent, 2006, 2000年代, 2000s, Taiwan, 華語流行, Mandopop, A-Lin式情歌, A-Lin Style, 流行抒情, Pop Ballad, 高亢嗓音, Power Vocals, 爆發力, Emotional Intensity, 鋼琴伴奏, Piano, 弦樂編制, String Orchestra, 療癒系, Healing, 經典, Classic, 情感宣洩, Cathartic, 失戀, Heartbreak, 苦情, Melancholic, 獨自寂寞的背影, 我終於試著想通了下雨天"
模特,李榮浩,_h9didgU4PI,"模特, Model, 2013, 2010年代, 2010s, 中國, 華語流行, Mandopop, 李式情歌, Ronghao Li Style, R&B, 流行抒情, Pop Ballad, 靈魂樂, Soul, 磁性嗓音, Husky Vocals, 獨特唱腔, Unique Timbre, 鋼琴伴奏, Piano, 鼓組節奏, Groove, 城市感, Urban, 浪漫氛圍, Romantic, 約會, Dating, 咖啡廳, Cafe, 療癒系, Healing, 經典, Classic, 穿上不合腳的鞋, 我是個模特"
缺口,庾澄慶,R0ZnKLWuYTM,"哈林庾澄慶的音樂奇蹟, Harlem Yu's Musical Miracle, 2014, 2010年代, 2010s, Taiwan, 華語流行, Mandopop, 流行抒情, Pop Ballad, 鋼琴伴奏, Piano, 弦樂編制, String Orchestra, 深情唱腔, Emotive Vocals, 獨特聲線, Signature Voice, 浪漫氛圍, Romantic, 療癒系, Healing, 婚禮歌單, Wedding, 經典, Classic, 這世界所有的缺口, 這世界所有的缺口"
至少還有你,林憶蓮,sIYdIncMrI4,"林憶蓮's, Sandy Lam, 2000, 2000年代, 2000s, 台灣, Taiwan, 華語流行, Mandopop, 林憶蓮式情歌, Sandy Lam Style, 流行抒情, Pop Ballad, 情感渲染, Emotional Vocals, 絲綢嗓音, Silky Vocals, 鋼琴伴奏, Piano, 弦樂編制, Strings, 浪漫氛圍, Romantic, 婚禮歌單, Wedding, 約會, Dating, 療癒, Healing, 經典, Classic, 我怕來不及我要抱著你, 我恨我亦慶幸自己可以抱著你"
忘情水,劉德華,bnlihPUr5D0,"忘情水, The Water of Forgetfulness, 1994, 1990年代, 1990s, 香港, 華語流行, Mandopop, 劉德華式情歌, Andy Lau Style, 流行抒情, Pop Ballad, 抒情搖滾, Pop Rock, 成熟男聲, Mature Vocals, 深情詮釋, Emotional Delivery, 鋼琴伴奏, Piano, 電吉他, Electric Guitar, 經典, Classic, 懷舊, Nostalgic, 悲傷, Sadness, 情感宣洩, Catharsis, 流行金曲, Hit Song, 曾經年少愛追夢, 啊給我一杯忘情水"
李白,李榮浩,J2HmgxBYL80,"模特, Model, 2013, 2010年代, 2010s, 中國, 華語流行, Mandopop, 李榮浩風格, Li Ronghao Style, 節奏藍調, R&B, 流行抒情, Pop Ballad, 靈魂樂, Soul, 菸嗓, Husky Vocals, 獨特唱腔, Distinctive Vocals, 鋼琴, Piano, 電吉他, Electric Guitar, 律動, Groove, 城市都會, Urban, 浪漫, Romantic, 咖啡廳, Cafe, 經典, Classic, 大部分人都還有個夢, 要是能重來我要選李白"
朋友,周華健,Sz2v3ELkbHU,"朋友, Friends, 1997, 1990年代, 1990s, 台灣, Taiwan, 華語流行, Mandopop, 流行抒情, Pop Ballad, 周氏情歌, Wakin Chau Style, 實力派唱腔, Power Vocals, 溫暖嗓音, Warm Vocals, 鋼琴伴奏, Piano, 鼓組節奏, Drums, 經典, Classic, 療癒, Healing, 感性, Emotional, 友誼, Friendship, 聚會, Gathering, 畢業季, Graduation, 這些年一個人風也過雨也走, 朋友一生一起走那些日子不再有"
突然好想你,五月天,vPRCGvYlqcE,"後青春期的詩, Poetry of the Day After, 2008, 2000年代, 2000s, 台灣, Taiwan, 華語流行, Mandopop, 五月天式搖滾, Mayday Style, 流行抒情, Pop Ballad, 搖滾抒情, Rock Ballad, 撕裂唱腔, Powerful Vocals, 鋼琴主導, Piano, 電吉他編制, Electric Guitar, 鼓組節奏, Drums, 浪漫氛圍, Romantic, 療癒系, Healing, 經典, Classic, 懷舊, Nostalgic, 情感爆發, Emotional, 傷感, Melancholic, 突然好想你你會在哪裡, 最怕空氣突然安靜"
榕樹下,余天,Ht-HTnRsoek,"榕樹下, Under The Banyan Tree, 1978, 1970年代, 1970s, Taiwan, 華語流行, Mandopop, 余天式唱腔, Yu Tian Style, 流行抒情, Pop Ballad, 溫暖嗓音, Warm Vocals, 情感豐沛, Expressive Vocals, 懷舊編曲, Nostalgic Arrangement, 經典, Classic, 懷舊金曲, Golden Oldies, 療癒, Healing, 情感共鳴, Sentimental, 歲月感, Vintage, 滄桑感, Melancholic, 榕樹下倚著欄杆看那月亮, 榕樹下月亮光亮"
魚仔,盧廣仲,ELIQIw2kK9g,"魚仔, Fish, 2017, 2010年代, 2010s, 台灣, Taiwan, 華語流行, Mandopop, 盧式情歌, Cloud Lu Style, 流行抒情, Pop Ballad, 柔和嗓音, Mellow Vocals, 清澈人聲, Clean Vocals, 鋼琴, Piano, 原聲吉他, Acoustic Guitar, 弦樂編制, String Arrangement, 療癒, Healing, 浪漫, Romantic, 婚禮, Wedding, 約會, Dating, 咖啡廳, Cafe, 經典, Classic, 看魚仔在那游來游去游來游去, 跌落去心內尚深的所在"
那些年,胡夏,h79y6htYiTc,那些年，Those Years，2011，2010年代，2010s，台灣，Taiwan，華語流行，Mandopop，流行抒情，Pop Ballad，抒情曲，Ballad，清澈嗓音，Clean Vocals，鋼琴伴奏，Piano，弦樂編曲，Strings，浪漫氛圍，Romantic，懷舊，Nostalgia，療癒系，Healing，畢業歌曲，Graduation，經典，Classic，又回到最初的起點，那些年錯過的大雨
你不知道的事,王力宏,w7C0uM8VQP0,"十八般武藝, The Music Man, 2010, 2010年代, 2010s, Taiwan, 華語流行, Mandopop, 王力宏式情歌, Wang Leehom Style, 流行抒情, Pop Ballad, 鋼琴主導, Piano, 弦樂編制, Strings, 流行唱腔, Clean Vocals, 轉音技巧, Vocal Runs, 情感張力, Emotional, 浪漫氛圍, Romantic, 婚禮歌單, Wedding, 約會, Dating, 經典, Classic, 蝴蝶眨幾次眼睛才學會飛行, 我知道你還是擔心從單人床的空位"
默,那英,Hv5Q9twaShQ,"何以笙簫默 電視劇原聲帶, My Sunshine Original Soundtrack, 2015, 2010年代, 2010s, 中國, 華語流行, Mandopop, 流行抒情, Pop Ballad, 戲劇主題曲, Soundtrack, 那式情歌, Na Ying Style, 磁性嗓音, Raspy Vocals, 情感爆發, Emotional Intensity, 鋼琴伴奏, Piano, 弦樂編制, String Orchestra, 療癒, Healing, 情感共鳴, Sentimental, 經典, Classic, 忍不住化身一條固執的魚, 默是我對你無聲的守候"
讓我留在你身邊,陳奕迅,tFf0suBCz8Y,"擺渡人電影原聲帶, See You Tomorrow Original Soundtrack, 2016, 2010年代, 2010s, Hong Kong, 華語流行, Mandopop, 陳氏情歌, Eason Chan Style, 流行抒情, Pop Ballad, 渾厚嗓音, Deep Vocals, 戲劇張力, Dramatic, 鋼琴伴奏, Piano, 弦樂編曲, Orchestral Strings, 療癒, Healing, 浪漫, Romantic, 經典, Classic, 激勵, Inspirational, 感動, Emotional, 電影配樂, Film Soundtrack, 成長, Growth, 陪伴, Companionship, 最冷的冬天你哪裡避雨, 一個你一個我"
戒菸,李榮浩,oSn521OlPHA,"嗯，哼，嗯，En, 戒菸，烟，2017, 2010年代, 2010s, 中國, 華語流行, Mandopop, 李式情歌, Li Ronghao Style, 流行抒情, Pop Ballad, 靈魂樂, Soul, 厚實嗓音, Rich Vocals, 獨特唱腔, Unique Vocals, 鋼琴, Piano, 鼓組, Drums, 敘事性, Narrative, 深情, Deep Emotional, 療癒, Healing, 情感宣洩, Catharsis, 經典, Classic, 流行榜單, Chart Topper, 嗯，哼，嗯，哼，我知道你大概還是習慣，為了證明我不再介意那些過往"
我曾,隔壁老樊,EqZd-ua5KSg,"我曾, I Once, 2019, 2010年代, 2010s, 中國, 華語流行, Mandopop, 樊式唱腔, Fan Style, 民謠流行, Folk Pop, 抒情搖滾, Pop Rock, 煙嗓, Husky Vocals, 滄桑感, Gritty Vocals, 原聲吉他, Acoustic Guitar, 鋼琴伴奏, Piano, 敘事曲, Narrative Ballad, 情感宣洩, Emotional, 傷感, Melancholy, 懷舊, Nostalgic, 經典, Classic, 我曾懷疑我走在沙漠中, 我曾把完整的鏡子打碎"
等你下課,"周杰倫, 楊瑞代",-IDIevxlfsE,"等你下課, Waiting For You, 2018, 2010年代, 2010s, 台灣, Taiwan, 華語流行, Mandopop, 周氏情歌, Jay Chou Style, 流行抒情, Pop Ballad, 鋼琴伴奏, Piano, 柔和唱腔, Smooth Vocals, 敘事風格, Narrative, 浪漫氛圍, Romantic, 婚禮歌單, Wedding, 約會, Dating, 咖啡廳, Cafe, 療癒, Healing, 經典, Classic, 你住的巷子裡我租了一間公寓, 當我開始學會彈琴的時候"
真的傻,徐佳瑩,PK3MglZBI-0,"真的傻, Really Stupid, 2019, 2010年代, 2010s, 台灣, Taiwan, 華語流行, Mandopop, 徐佳瑩式情歌, LaLa Hsu Style, 流行抒情, Pop Ballad, 鋼琴流行, Piano Pop, 戲劇原聲帶, OST, 深情唱腔, Emotional Vocals, 細膩演繹, Expressive Performance, 鋼琴編曲, Piano, 弦樂編制, Strings, 療癒系, Healing, 情感共鳴, Emotional Resonance, 浪漫, Romantic, 孤獨感, Melancholy, 失戀, Heartbreak, 經典, Classic, 你的眼淚會不會太廉價, 我真的傻得可以相信我們還會有以後"
背對背擁抱,林俊傑,lacM1-wuBOQ,"100天, 100 Days, 2009, 2000年代, 2000s, Taiwan, 華語流行, Mandopop, 林氏情歌, JJ Lin Style, 流行抒情, Pop Ballad, 鋼琴伴奏, Piano, 弦樂編制, Strings, 假音技巧, Falsetto, 穿透力嗓音, Powerful Vocals, 情感渲染, Emotional, 療癒, Healing, 浪漫, Romantic, 經典, Classic, 流行音樂, Popular Music, 傷感, Melancholic, 關係疏離, Relational Distancing, 我們手牽手一步兩步三步四步望著天, 看著背對背擁抱的我們談情說愛"
就別愛我,李東軒,Bc2i7zP_TRg,"就別愛我, Just Don't Love Me, 2022, 2020年代, 2020s, Taiwan, 華語流行, Mandopop, 流行抒情, Pop Ballad, 現代流行, Contemporary Pop, 深情男聲, Emotional Male Vocals, 鋼琴伴奏, Piano, 弦樂編制, Strings, 療癒系, Healing, 傷感, Melancholic, 失戀, Heartbreak, 情感釋放, Catharsis, 情歌, Love Song, 婚禮歌單, Wedding, 經典, Classic, 為什麼要愛我如果最後要走, 就別愛我別再給任何線索"
其實我...,李東軒,CX3IrCeJzsk,"其實我, Actually I, 2017, 2010年代, 2010s, 台灣, Taiwan, 華語流行, Mandopop, 流行抒情, Pop Ballad, 抒情搖滾, Pop Rock, 鋼琴伴奏, Piano, 弦樂編制, Strings, 豐沛情感, Emotional, 專業人聲, Professional Vocals, 療癒系, Healing, 浪漫, Romantic, 約會, Dating, 婚禮歌單, Wedding, 經典, Classic, 其實我還沒忘記那時候的溫柔, 其實我還沒對你說出口的那句話"
終於等到你,張靚穎,BWSnFJgRyho,"終於等到你, Finally Waited for You, 2013, 2010年代, 2010s, 中國, 華語流行, Mandopop, 張靚穎式情歌, Jane Zhang Style, 流行抒情, Pop Ballad, 大氣抒情, Cinematic Pop, 戲劇張力, Dramatic, 清澈嗓音, Clean Vocals, 情感共鳴, Emotional Resonance, 鋼琴伴奏, Piano, 弦樂編曲, String Arrangement, 婚禮, Wedding, 浪漫, Romantic, 經典, Classic, 情感敘事, Narrative Songwriting, 療癒, Healing, 終於等到你還好我沒放棄, 終於等到你還好我沒放棄"
只是太愛你,張敬軒,WclC7jhSh1Y,"笑忘書, My Story My Song, 2006, 2000年代, 2000s, 香港, 華語流行, Mandopop, 張敬軒式抒情, Hins Cheung Style, 流行抒情, Pop Ballad, 鋼琴獨奏, Solo Piano, 弦樂編制, Strings, 細膩嗓音, Delicate Vocals, 轉音技巧, Vocal Runs, 情感張力, Emotional Intensity, 傷感, Melancholy, 療癒, Healing, 經典, Classic, 懷舊, Nostalgic, 深夜聆聽, Late Night, 如果說最後宜家係無奈, 原來我只是太愛你"
安靜,周杰倫,e3n1KMELPyE,"范特西, Fantasy, 2001, 2000年代, 2000s, Taiwan, 華語流行, Mandopop, 周氏情歌, Jay Chou Style, 流行抒情, Pop Ballad, R&B, 鋼琴伴奏, Piano, 弦樂編制, Strings, 流行鋼琴, Pop Piano, 清澈嗓音, Clean Vocals, 悲傷情感, Melancholic, 失戀, Heartbreak, 情感釋放, Emotional, 經典, Classic, 懷舊, Nostalgic, 咖啡廳, Cafe, 獨處, Solitude, 只剩下鋼琴陪我彈了一天, 我會學著放棄你是因為我太愛你"
觀眾,楊丞琳,,"年輪說, Traces of Time in Love, 2016, 2010年代, 2010s, Taiwan, 華語流行, Mandopop, 楊式情歌, Rainie Yang Style, 流行抒情, Pop Ballad, 鋼琴, Piano, 弦樂, Strings, 流行鋼琴, Pop Piano, 抒情搖滾, Pop Rock, 敘事性唱腔, Narrative Vocals, 感染力, Emotional Power, 療癒, Healing, 浪漫, Romantic, 經典, Classic, 懷舊, Nostalgic, 心情抒發, Mood, 情歌精選, Essential Ballads, 城市情歌, Urban Pop, 看著時間在年輪畫圈, 其實我 很少想起我"
對你愛不完,郭富城,IIxWKLnaOkc,"對你愛不完, Loving You Never End, 1990, 1990年代, 1990s, 香港, 華語流行, Mandopop, 郭氏舞曲, Aaron Kwok Style, 舞曲流行, Dance Pop, 動感節奏, Energetic, 力量感人聲, Powerful Vocals, 合成器音效, Synthesizer, 電子鼓點, Electronic Drums, 節奏組, Groove, 派對音樂, Party, 舞廳, Club, 經典舞曲, Iconic Dance, 舞台演出, Stage Performance, 經典, Classic, 對你愛不完對你愛不完, 對你愛不完對你愛不完"
讓我一次愛個夠,庾澄慶,,"讓我一次愛個夠, Loving You Once Is Enough, 1989, 1980年代, 1980s, 台灣, Taiwan, 華語流行, Mandopop, 庾氏搖滾, Harlem Yu Style, 流行搖滾, Pop Rock, 力量型唱腔, Powerful Vocals, 粗獷嗓音, Raspy Vocals, 電吉他, Electric Guitar, 鼓組節奏, Drums, 節奏律動, Groove, 經典華語, Classic Mandopop, 懷舊金曲, Retro Hits, 抒情搖滾, Power Ballad, 情感爆發, Emotional Intensity, 演唱會熱門, Stadium Rock, 讓我一次愛個夠給你我所有, 讓我一次愛個夠給你我所有"
不讓我的眼淚陪我過夜,齊秦,,"絲路, Silk Road, 1996, 1990年代, 1990s, Taiwan, 華語流行, Mandopop, 齊式情歌, Chyi Chin Style, 流行抒情, Pop Ballad, 情感爆發, Powerful Vocals, 滄桑嗓音, Raspy Vocals, 鋼琴伴奏, Piano, 原聲吉他, Acoustic Guitar, 弦樂編制, Strings, 懷舊, Nostalgic, 經典, Classic, 傷感, Melancholy, 情感共鳴, Emotional, 深刻, Intense, 療癒, Healing, 你的溫柔是我今生最大的守候, 不讓我的眼淚陪我過夜"
能不能留住你,余天,Dby7A4pzxcw,"余天精選輯, Yu Tian Greatest Hits, 1978, 1970年代, 1970s, Taiwan, 華語流行, Mandopop, 懷舊金曲, Nostalgic Pop, 抒情搖滾, Pop Rock, 渾厚嗓音, Powerful Vocals, 經典男聲, Classic Male Vocal, 弦樂編制, String Arrangement, 管樂編曲, Brass Section, 懷舊, Vintage, 浪漫, Romantic, 經典, Classic, 情感共鳴, Emotional, 舊時光, Golden Era, 懷念, Nostalgia, 能不能留住你, 能不能留住你這份情義"
依然愛你,王力宏,Z_F95Az5S_A,"火力全開, Open Fire, 2011, 2010年代, 2010s, 台灣, 華語流行, Mandopop, 王式情歌, Wang Leehom Style, 流行抒情, Pop Ballad, R&B, 鋼琴伴奏, Piano, 流行鼓組, Pop Drums, 清亮嗓音, Clean Vocals, 情感渲染, Emotional, 浪漫, Romantic, 婚禮, Wedding, 約會, Dating, 經典, Classic, 療癒, Healing, 依然愛你, 一個簡單的動作證明我對你的愛"
月亮代表我的心,鄧麗君,O48UIvWd8ZQ,"島國之情歌第二集：今夜想起你, Love Songs of Teresa Teng II, 1977, 1970年代, 1970s, 台灣, 華語流行, Mandopop, 鄧氏唱腔, Teresa Teng Style, 傳統流行, Traditional Pop, 流行抒情, Pop Ballad, 溫潤嗓音, Warm Vocals, 顫音技巧, Vibrato, 弦樂伴奏, Strings, 鋼琴, Piano, 經典, Classic, 懷舊, Nostalgic, 浪漫, Romantic, 婚禮, Wedding, 約會, Dating, 療癒, Healing, 你問我愛你有多深, 你去想一想"
戀曲1990,羅大佑,iviA2l7Z9s0,"愛人同志, Lover Comrade, 1989, 1980年代, 1980s, 台灣, Taiwan, 華語流行, Mandopop, 羅氏情歌, Lo Ta-yu Style, 流行抒情, Pop Ballad, 粗獷嗓音, Raspy Vocals, 鋼琴伴奏, Piano, 薩克斯風, Saxophone, 爵士元素, Jazz Influenced, 經典, Classic, 懷舊, Nostalgic, 感傷, Sentimental, 都會情懷, Urban Vibe, 烏溜溜的黑眼髮刷著睫毛是你每天年輕的秘密, 烏溜溜的黑眼髮刷著睫毛是你每天年輕的秘密"
Kiss Goodbye,王力宏,,"蓋世英雄, Heroes of Earth, 2005, 2000年代, 2000s, 台灣, 華語流行, Mandopop, 王氏情歌, Wang Leehom Style, 流行抒情, Pop Ballad, 鋼琴, Piano, 弦樂, Strings, 強力人聲, Powerful Vocals, 情感渲染, Emotional, 傷感, Melancholy, 療癒, Healing, 經典, Classic, 愛情, Romance, 懷舊, Nostalgia, 畢業季, Graduation, 婚禮, Wedding, 準備好這場仗, 終於還是走到這一天"
九月九的酒,余天,UwwB2B9NRvQ,"酒醉的探戈, Drunken Tango, 1995, 1990年代, 1990s, 台灣, Taiwan, 華語流行, Mandopop, 余式情歌, Yu Tian Style, 流行抒情, Pop Ballad, 傳統流行, Traditional Pop, 滄桑嗓音, Husky Vocals, 深情演唱, Soulful Singing, 電子琴, Keyboard, 合成器, Synthesizer, 懷舊, Nostalgic, 經典, Classic, 傷感, Melancholy, 情感共鳴, Emotional Resonance, 離別, Parting, 九月九的酒釀出濃濃的愁, 九月九的酒九月九的酒"
又是黃昏,余天,,"余天精選集, Yu Tian Greatest Hits, 1978, 1970年代, 1970s, 台灣, Taiwan, 華語流行, Mandopop, 懷舊經典, Classic Pop, 傳統流行, Traditional Pop, 演歌唱腔, Enka Style, 渾厚嗓音, Powerful Vocals, 情感演繹, Emotional Delivery, 管弦編曲, Orchestral Arrangement, 銅管樂器, Brass, 懷舊, Nostalgic, 經典, Classic, 晚宴, Banquet, 又是黃昏, 又是黃昏那落日又沈下"
淚的小雨,青山,,"青山精選集, Aoyama Greatest Hits, 1968, 1960年代, 1960s, 台灣, Taiwan, 華語流行, Mandopop, 懷舊老歌, Retro, 抒情歌謠, Pop Ballad, 男中音, Baritone, 情感渲染, Emotional, 銅管樂, Brass, 弦樂編制, String Orchestra, 復古流行, Vintage Pop, 經典, Classic, 懷舊, Nostalgic, 悲傷氛圍, Melancholic, 戲劇性, Dramatic, 深情演唱, Sentimental, 淚水浸濕了我的衣角, 分手在雨夜裡"
I Need To Be Loved,李東軒,JrPiV8AI01c,"I Need To Be Loved, I Need To Be Loved, 2023, 2020年代, 2020s, Taiwan, 華語流行, Mandopop, 李東軒風格, Austin Lee Style, 流行抒情, Pop Ballad, 現代流行, Contemporary Pop, 清澈嗓音, Clean Vocals, 情感共鳴, Emotive Vocals, 鋼琴伴奏, Piano, 弦樂編制, Strings, 浪漫氛圍, Romantic, 婚禮歌單, Wedding, 約會, Dating, 療癒系, Healing, 抒情經典, Classic Ballad, 當深愛的人在耳邊說, 我想我需要被愛"
那個誰,李東軒,JTrUUgkF0Bc,"那個誰, That Who, 2018, 2010年代, 2010s, Taiwan, 華語流行, Mandopop, 李東軒風格, Austin Li Style, 流行抒情, Pop Ballad, 男歌手, Male Vocals, 醇厚嗓音, Deep Vocals, 鋼琴伴奏, Piano, 弦樂編制, Strings, 流行音樂, Contemporary Pop, 浪漫氛圍, Romantic, 療癒系, Healing, 告白, Confession, 情感刻畫, Emotional, 經典, Classic, 那個誰你現在還好嗎, 謝謝你陪我走過那一段時光"
借,毛不易,6hxAM4s0FVk,"平凡的一天, A Ordinary Day, 2018, 2010年代, 2010s, 中國, 華語流行, Mandopop, 毛不易式抒情, Mao Buyi Style, 流行抒情, Pop Ballad, 敘事性唱腔, Narrative Vocals, 醇厚嗓音, Mellow Vocals, 鋼琴伴奏, Piano, 弦樂編制, Strings, 療癒, Healing, 沉思, Contemplative, 經典, Classic, 借一盞午夜街頭昏黃燈光, 借一縷詩意與悲喜。"
你的姑娘,隔壁老樊,vhSBKs6_G90,"你的姑娘, Your Girl, 2019, 2010年代, 2010s, 中國, 華語流行, Mandopop, 民謠流行, Folk Pop, 敘事抒情, Narrative Ballad, 滄桑嗓音, Husky Vocals, 低沈共鳴, Deep Resonant, 木吉他, Acoustic Guitar, 鋼琴, Piano, 城市孤獨, Urban Loneliness, 情感共鳴, Emotional Resonance, 寫實主義, Realism, 療癒, Healing, 懷舊, Nostalgic, 經典, Classic, 我想我那時候還太年輕, 你說你那時候還太年輕"
下雨的夜晚,蘇打綠,a-b9URlbnto,"冬未了, Winter Endless, 2015, 2010年代, 2010s, Taiwan, 華語流行, Mandopop, 蘇打綠式情歌, Sodagreen Style, 流行搖滾, Pop Rock, 抒情搖滾, Ballad Rock, 穿透力嗓音, Powerful Vocals, 弦樂編制, Orchestral Arrangement, 鋼琴主導, Piano, 鼓組節奏, Drums, 深刻情感, Emotional, 療癒, Healing, 情感共鳴, Introspective, 經典, Classic, 淒美, Melancholic, 戲劇張力, Dramatic, 即使世界不斷在變, 即使世界不斷在變"
再見,鄧紫棋,7pXNipi0hM8,"新的心跳, Heartbeat, 2015, 2010年代, 2010s, 中國, 華語流行, Mandopop, G.E.M. Style, 流行搖滾, Pop Rock, 流行抒情, Pop Ballad, 強力唱腔, Power Vocals, 爆發力, Belting, 電吉他, Electric Guitar, 鼓組, Drums, 合成器, Synthesizer, 傷感, Melancholy, 情感共鳴, Emotional, 失戀, Heartbreak, 成長, Growth, 經典, Classic, 其實這一個心跳, 我心跳回憶這一個心跳"
愛情密碼,Remina,_k828jTndGU,"愛情密碼, Love Password, 2023, 2020年代, 2020s, 台灣, Taiwan, 華語流行, Mandopop, 流行抒情, Pop Ballad, 現代流行, Contemporary Pop, 清澈嗓音, Clean Vocals, 情感渲染, Emotional Vocals, 鋼琴伴奏, Piano, 電子合成器, Synthesizer, 浪漫氛圍, Romantic, 療癒, Healing, 約會, Dating, 經典, Classic, 鎖定愛的密碼開啟那扇心窗, 當我慢慢靠近你心動的頻率"
乾杯,五月天,l5XRddUlInY,"第二人生, Second Round, 2011, 2010年代, 2010s, Taiwan, 華語流行, Mandopop, 五月天式搖滾, Mayday Style, 流行搖滾, Pop Rock, 抒情搖滾, Rock Ballad, 穿透力嗓音, Powerful Vocals, 鋼琴主導, Piano, 電吉他, Electric Guitar, 鼓組, Drums, 成長感悟, Growth, 懷舊情感, Nostalgia, 畢業季, Graduation, 畢業歌單, Graduation Song, 青春回憶, Youth, 勵志, Inspirational, 經典, Classic, 會不會有一天時間真的能倒退, 有一天我們都老了該他媽笑話像首歌"
青花瓷,周杰倫,X64RKJlR1hA,"我很忙, On the Run, 2007, 2000年代, 2000s, Taiwan, 華語流行, Mandopop, 周氏情歌, Jay Chou Style, 中國風, China Wind, 流行抒情, Pop Ballad, 氣聲唱法, Airy Vocals, 敘事性唱腔, Narrative Vocals, 鋼琴伴奏, Piano, 二胡, Erhu, 弦樂, Strings, 浪漫氛圍, Romantic, 婚禮, Wedding, 約會, Dating, 咖啡廳, Cafe, 療癒, Healing, 經典, Classic, 素胚勾勒出青花筆鋒濃轉淡, 天青色等煙雨而我在等你"
成全,林宥嘉,jcPufqS5gZ8,"電視劇 我可能不會愛你 電視原聲帶, In Time With You Original Soundtrack, 2011, 2010年代, 2010s, 台灣, Taiwan, 華語流行, Mandopop, 流行抒情, Pop Ballad, 林宥嘉式唱腔, Yoga Lin Style, 鋼琴伴奏, Piano, 弦樂編制, Strings, 豐沛情感, Emotional, 療癒系, Healing, 浪漫, Romantic, 經典, Classic, 失戀情歌, Heartbreak, 婚禮歌單, Wedding, 咖啡廳, Cafe, 我對你付出的青春這麼多年, 我對你付出的青春這麼多年"
還好,梁文音,l_k2aZ_MX5M,"情人 x 知己, Love x Confidant, 2008, 2000年代, 2000s, Taiwan, 華語流行, Mandopop, 梁式情歌, Liang Wen-yin Style, 流行抒情, Pop Ballad, 情感渲染, Emotional Vocals, 鋼琴伴奏, Piano, 弦樂編曲, Strings, 療癒系, Healing, 浪漫, Romantic, 經典, Classic, 婚禮, Wedding, 約會, Dating, 咖啡廳, Cafe, 當時我們以為會有以後, 還好我們還有以後"
最初的記憶,徐佳瑩,tfdmI8TMFUo,"最初的記憶, First Memory, 2016, 2010年代, 2010s, Taiwan, 華語流行, Mandopop, 徐佳瑩風格, Lala Hsu Style, 流行抒情, Pop Ballad, 鋼琴主導, Piano, 弦樂編制, Strings, 情感充沛, Emotive, 清澈嗓音, Clean Vocals, 敘事性, Narrative, 療癒, Healing, 浪漫, Romantic, 經典, Classic, 戲劇主題曲, Soundtrack, 婚禮歌單, Wedding, 咖啡廳, Cafe, 總是在安靜的時候想你, 當時我們以為永遠是最後的約定"
你不在,王力宏,,"不可思議, Unbelievable, 2003, 2000年代, 2000s, Taiwan, 華語流行, Mandopop, 力宏風格, Leehom Style, R&B, 流行抒情, Pop Ballad, 靈魂樂, Soul, 敘事性唱腔, Narrative Vocals, 轉音技巧, Vocal Runs, 鋼琴主導, Piano, 弦樂編制, String Arrangements, 傷感氛圍, Melancholy, 情感共鳴, Emotional, 療癒系, Healing, 經典, Classic, 獨自對著電話說再見, 喔愛你讓我心碎"
冬戀,陳芬蘭,,"陳芬蘭名曲精選, Chen Fen-lan Hits Collection, 1970, 1970年代, 1970s, Taiwan, 華語流行, Mandopop, 國語老歌, Golden Oldies, 懷舊經典, Retro Classic, 傳統流行, Traditional Pop, 演歌風格, Enka Style, 女高音, Soprano, 敘事唱法, Narrative Vocals, 管弦樂編曲, Orchestral Arrangement, 鋼琴, Piano, 經典, Classic, 浪漫, Romantic, 懷舊, Nostalgic, 情感豐沛, Emotional, 雋永, Timeless, 遙遠的星光在閃耀, 遙遠的星光在閃耀"
小情歌,蘇打綠,OIdAJdD8gug,"小宇宙, Little Universe, 2006, 2000年代, 2000s, Taiwan, 華語流行, Mandopop, 蘇打綠風格, Sodagreen Style, 流行抒情, Pop Ballad, 搖滾流行, Pop Rock, 獨特唱腔, Distinctive Vocals, 假聲運用, Falsetto, 鋼琴伴奏, Piano, 原聲吉他, Acoustic Guitar, 樂團編制, Band Arrangement, 浪漫氛圍, Romantic, 溫暖, Warm, 婚禮歌單, Wedding, 約會, Dating, 咖啡廳, Cafe, 療癒系, Healing, 經典, Classic, 這是一首簡單的小情歌, 你知道就算大雨讓這座城市顛倒"
